<?xml version="1.0" encoding="utf-8" standalone="yes"?>
<rss version="2.0" xmlns:atom="http://www.w3.org/2005/Atom">
  <channel>
    <title>Beatles Network</title>
    <link>http://example.org/</link>
    <description>Recent content on Beatles Network</description>
    <generator>Hugo -- gohugo.io</generator>
    <language>en-us</language>
    <lastBuildDate>Sat, 27 Nov 2021 18:04:47 +0100</lastBuildDate><atom:link href="http://example.org/index.xml" rel="self" type="application/rss+xml" />
    <item>
      <title>My Second Post</title>
      <link>http://example.org/posts/my-second-post/</link>
      <pubDate>Sat, 27 Nov 2021 18:04:47 +0100</pubDate>
      
      <guid>http://example.org/posts/my-second-post/</guid>
      <description></description>
    </item>
    
    <item>
      <title>Beatles</title>
      <link>http://example.org/posts/my-first-post/</link>
      <pubDate>Sat, 27 Nov 2021 13:21:10 +0100</pubDate>
      
      <guid>http://example.org/posts/my-first-post/</guid>
      <description>Listen to them here</description>
    </item>
    
    <item>
      <title>My First Post</title>
      <link>http://example.org/page/my-first-post/</link>
      <pubDate>Sat, 27 Nov 2021 13:21:10 +0100</pubDate>
      
      <guid>http://example.org/page/my-first-post/</guid>
      <description></description>
    </item>
    
  </channel>
</rss>
