<?xml version="1.0" encoding="utf-8" standalone="yes"?>
<rss version="2.0" xmlns:atom="http://www.w3.org/2005/Atom">
  <channel>
    <title>Pages on Beatles Network</title>
    <link>http://example.org/page/</link>
    <description>Recent content in Pages on Beatles Network</description>
    <generator>Hugo -- gohugo.io</generator>
    <language>en-us</language>
    <lastBuildDate>Sat, 27 Nov 2021 13:21:10 +0100</lastBuildDate><atom:link href="http://example.org/page/index.xml" rel="self" type="application/rss+xml" />
    <item>
      <title>My First Post</title>
      <link>http://example.org/page/my-first-post/</link>
      <pubDate>Sat, 27 Nov 2021 13:21:10 +0100</pubDate>
      
      <guid>http://example.org/page/my-first-post/</guid>
      <description></description>
    </item>
    
  </channel>
</rss>
